{"basic_pot":[[[-1.6195,-1.6195,-1.6195],[-1.6195,-1.6195,1.6195],[-1.6195,1.6195,-1.6195],[-1.6195,1.6195,1.6195],[0.0,0.0,0.0],[1.6195,-1.6195,-1.6195],[1.6195,-1.6195,1.6195],[1.6195,1.6195,-1.6195],[1.6195,1.6195,1.6195]],[41,42,73,74]],"tensor_train":[[4,4,4,4,4,4,4,4,4],[1,4,5,5,5,5,5,5,4,1],[1.3392493401555028,0.19362755040813776,-0.3764329992077504,0.27343567632220969,1.3621635016731467,-0.7557640896589882,-0.1608344035844499,-0.1755121785070457,1.3378730356446583,0.6879063663675413,0.013914217894896617,-0.2455871442123822,1.3479375460853665,-0.1114092335797564,0.5227281822443965,0.1494447226428928,1.3141924066729248,0.09826090435129474,-0.03817325935794,-0.004774140593845538,-0.005790811327048455,0.0018468706705710827,0.5041087093869149,-0.0814244294869189,0.06203226117144232,-0.030277526549990595,0.0027104367021893985,-0.026514577473314869,0.23716187468104384,0.14525284500267852,-0.030410627685822864,0.00549252352888474,-0.029102470871413975,-0.04059804693404603,0.03159936542571629,0.22238739121888843,1.3514028378194918,-0.29134500669455939,-0.07238134878381208,0.007904205589428485,-0.009130249010549856,0.0024743148926686688,0.4705083546467225,0.2086331357625174,0.015377750232080302,-0.10945733110794992,0.002278228863584358,-0.024742168501660945,0.2717652125477205,0.19943404139721586,-0.035880701236312598,0.0012220490656153869,-0.01698055881878343,0.10436780793807751,0.020664834935921265,0.0853655935950648,1.3055323811192113,0.2819877808237809,0.11325070980938493,-0.00042994775405825515,0.04424038043526413,0.0020391204873532375,0.5090292700766412,-0.16195365025170947,0.01964332836775345,0.08873572918947713,-0.00022854326676487933,-0.006042506784200779,0.19567495568323549,-0.21051333083351715,-0.008892435893711035,0.004252891409175126,-0.00791612980569012,-0.11740691544874761,0.025823954196424197,0.15451333067584004,1.3398441244892654,-0.07975158955740634,-0.0006114840140991387,-0.00447300069375651,-0.029901651598252728,0.0010889558237494959,0.5020025972534077,-0.013334639042294042,-0.0722933707519032,0.02973416520122519,-0.00003945743507204205,-0.008165176011215964,0.3162765854967502,-0.18848697889973307,0.16909162523892658,0.0037309987880589396,-0.010128951160203397,0.08553162220621348,0.21994599950735847,0.148622145251018,1.3085960009831195,0.036579334145332789,-0.016591850042359997,-0.0002005917118377164,0.02205224489824697,-0.004240562388441567,0.5430356211804276,-0.04225483144615641,0.03577061145230432,0.010427915875836072,-0.0011753070148999179,0.006810056959546342,0.3366068867931245,-0.03227330246928306,0.01739287670106033,-0.00018213671177267564,-0.00335511397801005,0.015369948340768948,-0.1347102009257583,0.0056532868922518869,0.0034165154438917024,-0.008244836110442295,-0.023469668256211924,-0.039828145478606347,0.06817882154138434,1.3436075610054917,-0.10755444308890734,-0.012482205097221165,-0.015429893485792487,-0.09027565634584249,0.0035342471082047989,0.49943801218292746,0.11760403016128313,-0.02778644470541182,-0.005453666101424936,0.004181375064883183,-0.011526172342979596,0.26208792690458629,0.04218236652201561,0.01856192001527384,-0.0037525110580929269,0.009427883988785654,0.054203069543602159,-0.14681156748307004,-0.02032116714969212,-0.00314517732730984,-0.026149050581685139,0.028462650723808909,0.23889778433614018,0.024334987828902436,1.2969130409552666,0.1211656478448691,0.02664935487600038,0.01076219436947642,-0.08944429179541896,-0.003210201724026241,0.5544159883581238,-0.09704799162042771,-0.021104342928393719,-0.00041867006521492835,-0.00423246151353568,0.019609457525110065,0.323415698507242,-0.04323620570810338,0.019541178283141865,0.0016632067657089808,-0.02350712794008271,-0.06857934940356651,0.08435373161834604,0.046219418548498727,0.008028935135709573,0.011557703344773218,-0.08869403227007843,-0.25300887090538318,0.08667677963038084,1.3347853937668096,-0.04161196773192793,0.003582789374916733,0.006832150960496446,0.1555975632679951,-0.0047789176234690629,0.5347222286269695,0.011303869838983075,0.06431316760767561,0.012336923409104382,0.0005492603951652347,-0.0009284070284854546,0.31843882132286435,0.06528940067819214,-0.002565312223241408,-0.0006177539549848928,-0.04402835350973847,-0.049863517618479697,0.3704603648601845,0.035435191258281099,0.003752373990279736,-0.011339374226233448,-0.012882691869436868,0.1080384515123582,-0.022595238639195875,1.4514494581472535,-0.19582305594231876,-0.18297628063974115,-0.04263330750139574,0.21089792112880538,0.008329704814681684,0.4928497155982652,-0.045167097369079988,-0.06599024108648605,0.08845634190478465,0.015837322052560066,0.03308549533730927,-0.052050837604559158,0.32208047796851738,-0.09894851093833429,-0.007447733672944867,-0.04798264418798381,0.34895501225029026,0.1029336447221257,0.2164617634775245,0.014042843249203805,-0.0026215742185084895,-0.05132987522306795,-0.015523357760447825,0.052307046945060758,1.2577397741109447,-0.02275274542744062,0.2283467542351005,0.018055021345955187,0.08342529834588494,-0.032690710312273118,0.5204847142374018,0.011929074183191785,0.076877865577626,0.07427150184877948,0.05214946361664151,0.0031994792034691864,-0.18414585626168718,0.2993030219490378,0.0264134373141056,-0.0061840003915382539,0.01563687965315969,0.1533947625792667,0.013701826339374475,0.009974577896265201,0.0008101740593525819,0.007118633445278353,-0.016009683872505378,0.007105013034726234,0.04045391097507232,1.2873702638044833,0.09181134202260812,-0.1838557452776573,-0.010696488641620438,-0.1323440406767853,-0.01936775432160262,0.5433821549064828,-0.06869696931131905,-0.07270217041508768,0.06354887755894639,-0.011293540403662362,0.0048374060753427869,0.1026474777828877,0.2877922153533117,0.06308215562258843,0.009895073629273922,-0.01942152718332204,0.2868417892542688,-0.03539877316912006,-0.09569745284061909,-0.04160516481490999,0.06036329859957553,0.04629422544928426,-0.018712461112588217,0.006068452406065814,1.1185418922920918,0.22737424286899925,0.21694944821058119,0.029974680457479448,-0.2159415398004658,-0.05262773017307444,0.5623801038204,0.020426170768033253,-0.003944325685198214,0.028025649439801235,0.01814745886258288,0.021419194426386326,-0.03995439106605047,0.2992088812852912,0.016351562600392098,0.006136143413291096,0.0973067275318436,-0.12134053068501204,0.04613825244470482,-0.09609671663623058,0.07712383429394919,-0.07515075900851656,-0.13822600106376738,-0.021726923116387625,0.11122706985564654,1.207406999825552,0.11466949229723211,-0.03523091248457099,0.025287110954351278,-0.040524848954163177,-0.11686421740495448,0.7154390778931696,-0.09687232154398713,-0.0559962958716853,-0.02263801289061893,-0.007637422855398581,-0.06089425893332335,0.36429756278402389,0.09785499368520444,-0.05440391844529673,0.03605168361311664,-0.05012945420000389,0.028267960904939345,0.1261270808585944,0.07134045177824163,-0.029618280439864834,0.05028412443230587,-0.09063872757254961,0.03345769151767661,0.14962959335117954,1.4125879460012867,-0.07469828317848369,0.0036406143993671748,-0.014583752101225614,0.03382975466156238,0.07091890013541799,0.37714676209423655,0.13846239120762825,-0.04893092724094518,0.0996392027262926,0.016878419833772357,-0.05324543056757049,0.32634106294731049,0.06972533855881869,-0.056080418449636227,-0.005949492483428673,0.1778007484455006,-0.17319120309476983,0.3466868565766148,-0.08182488398549459,0.013658416917470062,-0.10348570759657692,0.05866108912550167,0.06285009757906797,0.19707154464866737,1.0745954593301835,0.16398109099527509,0.034329818305663787,-0.03469033526974237,-0.044305613643695288,-0.1561752216109757,0.48925235687422766,0.2189722806534891,-0.0992143126538166,0.07483804775365051,-0.03601584911495858,0.01140631217649214,0.29936626735889856,0.08388123708160927,-0.08337915334949926,-0.028975067888667447,0.10560770996837629,-0.07526413633141563,0.34883079055864177,-0.03471074048722508,-0.005393395869630151,-0.1308509952682021,0.11241472919648175,0.03139561704460451,0.21612295795601206,1.3945390877069424,-0.06523579942253177,